resort_name,country,latitude,longitude
Zermatt,CH,46.06863,7.77533
Chamonix,FR,45.91821,6.87018
Les 2 Alpes,FR,45.01007,6.12559
Saas-Fee,CH,46.10978,7.93129
La Grave,FR,45.04426,6.30311
Cervinia,IT,45.93560,7.63044
Courmayeur,IT,45.78996,6.96520
Tignes,FR,45.46928,6.90663
Val d'Isère,FR,45.44956,6.97874
Passo dello Stelvio,IT,46.52862,10.45321
Pitztal Glacier,AT,46.95825,10.87147
Sölden,AT,46.95997,11.00929
Alpe d'Huez,FR,45.09240,6.06994
Oz-en-Oisans,FR,45.12802,6.07100
Vaujany,FR,45.15740,6.07915
Verbier,CH,46.09364,7.23316
Corvatsch – Silvaplana/Sils,CH,46.45515,9.81421
Alagna Valsesia,IT,45.85388,7.93625
Champoluc,IT,45.83164,7.72600
Gressoney-La-Trinité,IT,45.85973,7.81290
Arabba–Marmolada,IT,46.49718,11.87409
Solda,IT,46.52804,10.58426
Hintertux Glacier,AT,47.10683,11.67498
Orelle,FR,45.20737,6.54594
Val Thorens,FR,45.29791,6.58227
Les Arcs,FR,45.57340,6.77879
Peisey-Vallandry,FR,45.54987,6.76282
Val Senales,IT,46.75651,10.78275
Stubai Glacier,AT,47.01334,11.16261
Saas-Grund – Hohsaas,CH,46.12851,7.93923
Mölltal Glacier,AT,46.99855,13.03333
Belalp – Blatten,CH,46.35892,7.98428
Kaunertal Glacier,AT,46.86382,10.71354
Lauchernalp – Lötschental,CH,46.40210,7.77843
La Plagne,FR,45.50588,6.67436
St. Moritz,CH,46.48353,9.83266
Obergurgl–Hochgurgl,AT,46.87572,11.03308
Kaprun – Kitzsteinhorn,AT,47.22936,12.72673
Engelberg,CH,46.81620,8.39586
Laax,CH,46.82017,9.26325
Les Diablerets – Glacier 3000,CH,46.35415,7.20531
Bormio,IT,46.46418,10.37237
Diavolezza–Lagalb (Pontresina),CH,46.44174,9.98265
Bonneval-sur-Arc,FR,45.37387,7.05610
Ponte di Legno–Passo Tonale,IT,46.25801,10.58185
Pejo,IT,46.36304,10.66133
Saint-Luc–Chandolin,CH,46.22040,7.59820
Mürren – Schilthorn,CH,46.55545,7.90141
Andermatt,CH,46.63757,8.59375
Méribel,FR,45.39378,6.56699
Madesimo,IT,46.43353,9.35748
Crans-Montana,CH,46.30849,7.46955
Heiligenblut – Großglockner,AT,47.04051,12.84095
Macugnaga,IT,45.96789,7.96815
Grimentz–Zinal,CH,46.17511,7.57379
Santa Caterina Valfurva,IT,46.41215,10.49520
Arolla,CH,46.02606,7.48129
Ischgl,AT,47.01014,10.28801
Samnaun,CH,46.95121,10.37524
Aletsch Arena,CH,46.40600,8.13407
Arosa,CH,46.78388,9.67944
Lenzerheide,CH,46.73980,9.55665
Grächen,CH,46.19665,7.84151
Vals,CH,46.61659,9.18052
Davos,CH,46.81063,9.83667
Klosters,CH,46.86900,9.88044
Disentis,CH,46.70074,8.84062
Molines-en-Queyras–Saint-Véran,FR,44.72348,6.84727
Cortina d'Ampezzo,IT,46.53833,12.13735
Serfaus-Fiss-Ladis,AT,47.05717,10.61299
Lech–Zürs,AT,47.20798,10.14243
St. Anton am Arlberg,AT,47.12818,10.26286
Warth–Schröcken,AT,47.26002,10.17570
Les Menuires,FR,45.32408,6.53882
Saint-Martin-de-Belleville,FR,45.37980,6.50463
Serre Chevalier,FR,44.93253,6.59259
La Rosière,FR,45.62860,6.84784
Val Cenis,FR,45.28918,6.91156
La Thuile,IT,45.71143,6.94916
Bardonecchia,IT,45.07078,6.69644
Livigno,IT,46.53817,10.13599
Cesana–Sansicario,IT,44.95244,6.79067
Claviere,IT,44.93880,6.75029
Sauze d'Oulx,IT,45.02703,6.85835
Sestriere,IT,44.95845,6.87869
Scuol,CH,46.79379,10.28677
Alta Badia,IT,46.54957,11.87403
Risoul,FR,44.62287,6.63583
Valloire,FR,45.16500,6.42964
Vars,FR,44.57261,6.68164
Puy-Saint-Vincent,FR,44.81912,6.48565
Valmeinier,FR,45.17574,6.49353
La Norma,FR,45.20145,6.69704
Nauders,AT,46.87546,10.50892
Courchevel,FR,45.41503,6.63331
Valfréjus,FR,45.17368,6.65433
Orcières Merlette,FR,44.69605,6.32292
Pila,IT,45.68727,7.31082
Les Orres,FR,44.49301,6.55710
Savognin,CH,46.59415,9.59185
Nendaz,CH,46.18020,7.29207
Thyon,CH,46.18195,7.37260
Veysonnaz,CH,46.19563,7.34279
Kappl,AT,47.06036,10.37420
Bad Gastein,AT,47.11065,13.13166
Garmisch-Partenkirchen,DE,47.48962,11.09672
Montgenèvre,FR,44.93117,6.72180
Vent,AT,46.86020,10.91500
La Toussuire,FR,45.25577,6.26267
Le Corbier,FR,45.24016,6.26823
Saint-Jean-d'Arves,FR,45.21493,6.26006
Saint-Sorlin-d'Arves,FR,45.21760,6.22954
Sainte-Foy-Tarentaise,FR,45.57597,6.89372
Isola 2000,FR,44.18662,7.15789
Val d'Allos–La Foux,FR,44.29014,6.56909
Sedrun,CH,46.66994,8.74283
Valmorel,FR,45.46236,6.44073
Les Karellis,FR,45.22857,6.40646
Kühtai,AT,47.21172,11.01070
Val Gardena,IT,46.55519,11.76010
Alpe Lusia–San Pellegrino,IT,46.36821,11.68775
Plose,IT,46.69833,11.67574
Madonna di Campiglio,IT,46.22699,10.82702
Folgarida–Marilleva,IT,46.30307,10.86561
Pinzolo,IT,46.16173,10.76500
Pra Loup,FR,44.37015,6.60250
Flaine,FR,46.00413,6.69604
Le Dévoluy,FR,44.67654,5.92959
Les Carroz,FR,46.02471,6.64444
Saint-François-Longchamp,FR,45.41784,6.36348
Samoëns,FR,46.06600,6.71177
Morillon,FR,46.08213,6.68021
Gerlos,AT,47.22962,12.04903
Königsleiten–Wald,AT,47.25081,12.12219
Mayrhofen,AT,47.16342,11.86064
Zell am Ziller,AT,47.23719,11.89944
Grindelwald,CH,46.62431,8.01937
Les Contamines-Montjoie,FR,45.81229,6.72350
La Clusaz,FR,45.90522,6.43226
Val di Fassa,IT,46.47402,11.77447
Auron,FR,44.22627,6.93098
Meiringen-Hasliberg,CH,46.74500,8.19441
Schruns – Silvretta Montafon Hochjoch,AT,47.07972,9.92355
Gaschurn–St. Gallenkirch – Silvretta Montafon Nova,AT,47.02214,9.96461
Les 7 Laux,FR,45.25678,5.99544
Le Sauze–Super Sauze,FR,44.37315,6.68170
Wengen,CH,46.59828,7.90880
Belpiano–Malga San Valentino,IT,46.82964,10.51831
Val di Fiemme–Obereggen,IT,46.29119,11.46047
Hochzillertal–Hochfügen,AT,47.28923,11.87286
San Martino di Castrozza–Passo Rolle,IT,46.25499,11.79934
Megève,FR,45.85002,6.61477
Saint-Gervais-les-Bains,FR,45.87480,6.68587
Axamer Lizum,AT,47.19537,11.30210
Obertauern,AT,47.24944,13.55696
Obersaxen–Mundaun,CH,46.74829,9.10218
Arêches-Beaufort,FR,45.68812,6.56237
Gargellen,AT,46.96827,9.91887
Galtür,AT,46.96463,10.16223
Kronplatz,IT,46.77666,11.95029
Avoriaz,FR,46.19769,6.76800
Champéry,CH,46.17490,6.87108
Morgins,CH,46.23676,6.85814
Chamrousse,FR,45.12621,5.87697
Bad Hofgastein,AT,47.16921,13.09881
3 Zinnen Dolomites,IT,46.73164,12.32978
Kleinwalsertal,AT,47.35584,10.18486
Oberstdorf,DE,47.40494,10.28541
Flumserberg,CH,47.09350,9.28529
Alpe di Siusi,IT,46.53987,11.56334
Katschberg,AT,47.05915,13.61566
Châtel,FR,46.25439,6.82030
Adelboden,CH,46.48790,7.56053
Lenk,CH,46.44184,7.45684
Leysin,CH,46.34647,7.01730
Gstaad,CH,46.46767,7.28214
Wildkogel (Neukirchen–Bramberg),AT,47.25439,12.28077
Villars–Gryon,CH,46.30402,7.05593
Le Grand-Bornand,FR,45.97382,6.45508
Civetta,IT,46.40664,12.02146
Fieberbrunn,AT,47.46724,12.55113
Leogang,AT,47.43925,12.71883
Saalbach-Hinterglemm,AT,47.39047,12.63479
Prato Nevoso – Mondolè Ski,IT,44.25529,7.78559
Notre-Dame-de-Bellecombe,FR,45.80840,6.51715
Praz-sur-Arly,FR,45.83792,6.57045
Bad Kleinkirchheim,AT,46.81230,13.79887
Villard-de-Lans–Corrençon,FR,45.04611,5.55721
Damüls–Mellau,AT,47.28669,9.88793
Großarl–Dorfgastein,AT,47.24157,13.19517
Alpbach,AT,47.39621,11.92432
Wildschönau,AT,47.40818,12.03719
Valberg,FR,44.09562,6.93014
Morzine,FR,46.17990,6.70194
Schladming,AT,47.39264,13.69331
Les Gets,FR,46.15678,6.66828
Nassfeld,AT,46.61147,13.27936
Praz de Lys–Sommand,FR,46.14635,6.58130
Kitzbühel,AT,47.44323,12.38936
Kirchberg in Tirol,AT,47.45038,12.33508
Zell am See,AT,47.32630,12.77236
Flachau,AT,47.35343,13.38562
St. Johann–Alpendorf,AT,47.32135,13.19505
Wagrain,AT,47.33411,13.30834
Les Saisies,FR,45.75733,6.53945
Combloux,FR,45.89164,6.62208
Hochkönig (Maria Alm–Dienten–Mühlbach),AT,47.38974,12.90895
Brixen im Thale,AT,47.44948,12.24331
Ellmau,AT,47.50784,12.29313
Hopfgarten im Brixental,AT,47.44667,12.16220
Scheffau,AT,47.52002,12.24895
Söll,AT,47.49629,12.19831
Westendorf,AT,47.42748,12.21406
Folgaria–Lavarone,IT,45.91703,11.16725
